plan_name,per_kwh,last_update,company_name,pricing,monthly_charge,phone,intro_price,rate_good_for,_compare,cancel_fee,rate_end,_sign_up,_learn_more,renewable_energy,comments,retrieval_date
Winter Break 24,$0.18800,11/1/2024,Ambit Energy,Fixed,No,1-877-282-6248,No,24 months,Compare,No,*Last meter read*,Sign Up!,Learn More,0.00 %,"As temperatures drop, your savings will rise. Get 50% off your energy charges on bill cycles beginning November 1st through the end of February. Only available to new Ambit customers",2024-11-02
Ultimate Perks 12,$0.14250,11/1/2024,Ambit Energy,Fixed,No,1-877-282-6248,No,12 months,Compare,No,*Last meter read*,Sign Up!,Learn More,0.00 %,Only available to new Ambit customers,2024-11-02
Winter Break 12,$0.18500,11/1/2024,Ambit Energy,Fixed,No,1-877-282-6248,No,12 months,Compare,No,*Last meter read*,Sign Up!,Learn More,0.00 %,"As temperatures drop, your savings will rise. Get 50% off your energy charges on bill cycles beginning November 1st through the end of February. Only available to new Ambit customers",2024-11-02
White Mountain Select 12 Month Term,$0.13500,11/1/2024,Ambit Energy,Fixed,No,1-877-282-6248,No,12 months,Compare,No,*Last meter read*,Sign Up!,Learn More,0.00 %,Only available to new Ambit customers,2024-11-02
Affordable Wind 12,$0.12290,11/1/2024,CleanSky Energy,Fixed,No,1-888-355-6205,No,12 months,Compare,$75.00,*Last meter read*,Sign Up!,Learn More,100.00 %,Have a question about a plan or need help placing an order?,2024-11-02
Embrace Green 6,$0.12490,11/1/2024,CleanSky Energy,Fixed,No,1-888-355-6205,No,6 months,Compare,$50.00,*Last meter read*,Sign Up!,Learn More,100.00 %,Have a question about a plan or need help placing an order?,2024-11-02
Ultra Clean Solar 24,$0.13390,11/1/2024,CleanSky Energy,Fixed,No,1-888-355-6205,No,24 months,Compare,$150.00,*Last meter read*,Sign Up!,Learn More,100.00 %,Have a question about a plan or need help placing an order?,2024-11-02
Embrace Green 12,$0.11990,11/1/2024,CleanSky Energy,Fixed,No,1-888-355-6205,No,12 months,Compare,$75.00,*Last meter read*,Sign Up!,Learn More,100.00 %,Have a question about a plan or need help placing an order?,2024-11-02
Embrace Green 24,$0.12990,11/1/2024,CleanSky Energy,Fixed,No,1-888-355-6205,No,24 months,Compare,$150.00,*Last meter read*,Sign Up!,Learn More,100.00 %,Have a question about a plan or need help placing an order?,2024-11-02
Jaffrey GREEN 50%,$0.11648,10/23/2024,Community Power - Town of Jaffrey,Fixed,No,1-888-875-1711,No,20 months,Compare,No,"November, 2025 *Last meter read*",Sign Up!,Learn More,50.00 %,Stable rate program offered by Standard Power open to customers in Jaffrey. Go to https://JaffreyCommunityPower.com for more information and to sign up.,2024-11-02
Jaffrey BASIC,$0.10568,10/23/2024,Community Power - Town of Jaffrey,Fixed,No,1-888-875-1711,No,20 months,Compare,No,"November, 2025 *Last meter read*",Sign Up!,Learn More,24.30 %,Stable rate program offered by Standard Power open to customers in Jaffrey. Go to https://JaffreyCommunityPower.com for more information and to sign up.,2024-11-02
Jaffrey GREEN 100%,$0.13648,10/23/2024,Community Power - Town of Jaffrey,Fixed,No,1-888-875-1711,No,20 months,Compare,No,"November, 2025 *Last meter read*",Sign Up!,Learn More,100.00 %,Stable rate program offered by Standard Power open to customers in Jaffrey. Go to https://JaffreyCommunityPower.com for more information and to sign up.,2024-11-02
Jaffrey GREEN Default,$0.10968,10/23/2024,Community Power - Town of Jaffrey,Fixed,No,1-888-875-1711,No,20 months,Compare,No,"November, 2025 *Last meter read*",Sign Up!,Learn More,34.30 %,Stable rate program offered by Standard Power open to customers in Jaffrey. Go to https://JaffreyCommunityPower.com for more information and to sign up.,2024-11-02
Milford PLUS 10%,$0.10968,10/23/2024,Community Power - Town of Milford,Fixed,No,1-888-875-1711,No,20 months,Compare,No,"November, 2025 *Last meter read*",Sign Up!,Learn More,34.30 %,Stable rate program offered by Standard Power open to customers in Milford. Go to https://MilfordCommunityPower.com for more information and to sign up.,2024-11-02
Milford GREEN 50%,$0.11648,10/23/2024,Community Power - Town of Milford,Fixed,No,1-888-875-1711,No,20 months,Compare,No,"November, 2025 *Last meter read*",Sign Up!,Learn More,50.00 %,Stable rate program offered by Standard Power open to customers in Milford. Go to https://MilfordCommunityPower.com for more information and to sign up.,2024-11-02
Milford DEFAULT,$0.10568,10/23/2024,Community Power - Town of Milford,Fixed,No,1-888-875-1711,No,20 months,Compare,No,"November, 2025 *Last meter read*",Sign Up!,Learn More,24.30 %,Stable rate program offered by Standard Power open to customers in Milford. Go to https://MilfordCommunityPower.com for more information and to sign up.,2024-11-02
Milford GREEN 100%,$0.13648,10/23/2024,Community Power - Town of Milford,Fixed,No,1-888-875-1711,No,20 months,Compare,No,"November, 2025 *Last meter read*",Sign Up!,Learn More,100.00 %,Stable rate program offered by Standard Power open to customers in Milford. Go to https://MilfordCommunityPower.com for more information and to sign up.,2024-11-02
New Boston GREEN Default,$0.10968,10/23/2024,Community Power - Town of New Boston,Fixed,No,1-888-875-1711,No,20 months,Compare,No,"November, 2025 *Last meter read*",Sign Up!,Learn More,34.30 %,Stable rate program offered by Standard Power open to customers in New Boston. Go to https://NewBostonCommunityPower.com for more information and to sign up.,2024-11-02
New Boston GREEN 50%,$0.11648,10/23/2024,Community Power - Town of New Boston,Fixed,No,1-888-875-1711,No,20 months,Compare,No,"November, 2025 *Last meter read*",Sign Up!,Learn More,50.00 %,Stable rate program offered by Standard Power open to customers in New Boston. Go to https://NewBostonCommunityPower.com for more information and to sign up.,2024-11-02
New Boston BASIC,$0.10568,10/23/2024,Community Power - Town of New Boston,Fixed,No,1-888-875-1711,No,20 months,Compare,No,"November, 2025 *Last meter read*",Sign Up!,Learn More,24.30 %,Stable rate program offered by Standard Power open to customers in New Boston. Go to https://NewBostonCommunityPower.com for more information and to sign up.,2024-11-02
New Boston GREEN 100%,$0.13648,10/23/2024,Community Power - Town of New Boston,Fixed,No,1-888-875-1711,No,20 months,Compare,No,"November, 2025 *Last meter read*",Sign Up!,Learn More,100.00 %,Stable rate program offered by Standard Power open to customers in New Boston. Go to https://NewBostonCommunityPower.com for more information and to sign up.,2024-11-02
Peterborough Local,$0.09300,10/8/2024,Community Power Coalition of New Hampshire,Fixed,No,1-866-603-7697,No,6 months,Compare,No,"January, 2025 *Last meter read*",Sign Up!,Learn More,24.30 %,This rate is available to Peterborough Community Power Customers.,2024-11-02
Granite Plus,$0.09300,10/8/2024,Community Power Coalition of New Hampshire,Fixed,No,1-866-603-7697,No,6 months,Compare,No,"January, 2025 *Last meter read*",Sign Up!,Learn More,33.00 %,visit www.communitypowernh.gov to see if city or town has implemented Community Power with the Coalition,2024-11-02
Nashua Community Benefit,$0.08800,10/8/2024,Community Power Coalition of New Hampshire,Fixed,No,1-866-603-7697,No,6 months,Compare,No,"January, 2025 *Last meter read*",Sign Up!,Learn More,23.40 %,This rate is available to Nashua Community Power Customers.,2024-11-02
Clean 100,$0.12000,10/8/2024,Community Power Coalition of New Hampshire,Fixed,No,1-866-603-7697,No,6 months,Compare,No,"January, 2025 *Last meter read*",Sign Up!,Learn More,100.00 %,visit www.communitypowernh.gov to see if city or town has implemented Community Power with the Coalition,2024-11-02
Granite Basic,$0.08600,10/8/2024,Community Power Coalition of New Hampshire,Fixed,No,1-866-603-7697,No,6 months,Compare,No,"January, 2025 *Last meter read*",Sign Up!,Learn More,24.30 %,visit www.communitypowernh.gov to see if city or town has implemented Community Power with the Coalition,2024-11-02
Cheshire Community Basic,$0.08900,10/8/2024,Community Power Coalition of New Hampshire,Fixed,No,1-866-603-7697,No,6 months,Compare,No,"January, 2025 *Last meter read*",Sign Up!,Learn More,24.30 %,This rate is available to Cheshire County Community Power Customers.,2024-11-02
Clean 50,$0.10000,10/8/2024,Community Power Coalition of New Hampshire,Fixed,No,1-866-603-7697,No,6 months,Compare,No,"January, 2025 *Last meter read*",Sign Up!,Learn More,50.00 %,visit www.communitypowernh.gov to see if city or town has implemented Community Power with the Coalition,2024-11-02
Go Green Lights 24,$0.12890,10/29/2024,"Direct Energy Services, LLC",Fixed,No,888-836-6141,No,24 months,Compare,No,*Last meter read*,Sign Up!,Learn More,100.00 %,Green Energy. Rate plan is available for new customers only.,2024-11-02
Live Brighter 12,$0.11890,10/29/2024,"Direct Energy Services, LLC",Fixed,No,888-836-6141,No,12 months,Compare,No,*Last meter read*,Sign Up!,Learn More,0.00 %,Rate plan is available for new customers only.,2024-11-02
Live Brighter 13,$0.10990,10/30/2024,"Direct Energy Services, LLC",Fixed,No,888-836-6141,No,13 months,Compare,No,*Last meter read*,Sign Up!,Learn More,0.00 %,Rate plan is available for new customers only.,2024-11-02
Live Brighter 24,$0.12490,10/29/2024,"Direct Energy Services, LLC",Fixed,No,888-836-6141,No,24 months,Compare,No,*Last meter read*,Sign Up!,Learn More,0.00 %,Rate plan is available for new customers only.only.,2024-11-02
Simple Power 12 - Residential,$0.10400,10/29/2024,ENH Power,Fixed,No,1-800-549-6160,No,12 months,Compare,$100.00,*Last meter read*,Sign Up!,Learn More,0.00 %,Are you looking for a fixed rate energy plan? This plan is for you. Enjoy 12 months of a fixed rate with no monthly service fee and a $100 early termination fee.,2024-11-02
Optional Green 100,$0.12918,10/12/2024,Hampton Community Power Aggregation,Fixed,No,1-866-485-5858,No,12 months,Compare,No,"November, 2025 *Last meter read*",Sign Up!,Learn More,100.00 %,"Available only to residential customers located in Hampton, NH",2024-11-02
Optional Green 33,$0.10798,10/12/2024,Hampton Community Power Aggregation,Fixed,No,1-866-485-5858,No,12 months,Compare,No,"November, 2025 *Last meter read*",Sign Up!,Learn More,57.30 %,"Available only to residential customers located in Hampton, NH",2024-11-02
Standard,$0.09425,10/12/2024,Hampton Community Power Aggregation,Fixed,No,1-866-485-5858,No,12 months,Compare,No,"November, 2025 *Last meter read*",Sign Up!,Learn More,24.30 %,"Available only to residential customers located in Hampton, NH",2024-11-02
Keene 100% Local Green,$0.13900,11/1/2024,Keene Community Power from City of Keene,Fixed,No,1-866-968-8065,No,30 months,Compare,No,"December, 2025 *Last meter read*",Sign Up!,Learn More,100.00 %,Adds voluntary renewable energy (NH Class I RECs) to total 100%,2024-11-02
Keene Local Green,$0.11470,11/1/2024,Keene Community Power from City of Keene,Fixed,No,1-866-968-8065,No,30 months,Compare,No,"December, 2025 *Last meter read*",Sign Up!,Learn More,33.40 %,Default option offered by the City of Keene. Includes 10% more renewable energy from Class I sources than required by state law.,2024-11-02
Keene Basic,$0.11100,11/1/2024,Keene Community Power from City of Keene,Fixed,No,1-866-968-8065,No,30 months,Compare,No,"December, 2025 *Last meter read*",Sign Up!,Learn More,23.40 %,Meets state minimum renewable energy requirements.,2024-11-02
Keene 50% Local Green,$0.12050,11/1/2024,Keene Community Power from City of Keene,Fixed,No,1-866-968-8065,No,30 months,Compare,No,"December, 2025 *Last meter read*",Sign Up!,Learn More,50.00 %,Adds voluntary renewable energy (NH Class I RECs) to total 50%.,2024-11-02
Marlborough Basic,$0.11100,11/1/2024,Marlborough Community Power from Town of Marlborough,Fixed,No,1-866-968-8065,No,30 months,Compare,No,"December, 2025 *Last meter read*",Sign Up!,Learn More,23.40 %,Meets state minimum renewable energy requirements,2024-11-02
Marlborough 100,$0.13900,11/1/2024,Marlborough Community Power from Town of Marlborough,Fixed,No,1-866-968-8065,No,30 months,Compare,No,"December, 2025 *Last meter read*",Sign Up!,Learn More,100.00 %,Includes voluntary renewable energy above state required minimum to total 100%,2024-11-02
Marlborough Standard,$0.11471,11/1/2024,Marlborough Community Power from Town of Marlborough,Fixed,No,1-866-968-8065,No,30 months,Compare,No,"December, 2025 *Last meter read*",Sign Up!,Learn More,33.40 %,Default program plan offered by Town of Marlborough. Includes 10% more renewable energy from Class I sources than required by state law,2024-11-02
Marlborough 50,$0.12050,11/1/2024,Marlborough Community Power from Town of Marlborough,Fixed,No,1-866-968-8065,No,30 months,Compare,No,"December, 2025 *Last meter read*",Sign Up!,Learn More,50.00 %,Includes voluntary renewable energy above state required minimum to total 50%,2024-11-02
10 Month Standard Fixed,$0.12490,10/2/2024,"North American Power & Gas, LLC",Fixed,No,877-572-9965,No,10 months,Compare,$10.00,*Last meter read*,Sign Up!,Learn More,0.00 %,$10.00 for each month remaining in your contract.,2024-11-02
12 Month Standard Fixed,$0.12590,10/2/2024,"North American Power & Gas, LLC",Fixed,No,877-572-9965,No,12 months,Compare,$10.00,*Last meter read*,Sign Up!,Learn More,0.00 %,$10.00 for each month remaining in your contract.,2024-11-02
12 Month Renewable Fixed,$0.13540,10/2/2024,"North American Power & Gas, LLC",Fixed,No,877-572-9965,No,12 months,Compare,$10.00,*Last meter read*,Sign Up!,Learn More,100.00 %,$10.00 for each month remaining in your contract.,2024-11-02
SmartEnergy -  Web Only Rate,$0.11670,11/1/2024,SmartEnergy,Fixed,No,1-800-760-1207,No,6 months,Compare,No,"December, 2024 *Last meter read*",Sign Up!,Learn More,100.00 %,Enjoy a fixed rate for 6 months while receiving 100% renewable electricity with no hidden charges and no early terminations fees!,2024-11-02
Swanzey 50,$0.12050,11/1/2024,Swanzey Community Power from Town of Swanzey,Fixed,No,1-866-968-8065,No,30 months,Compare,No,"December, 2025 *Last meter read*",Sign Up!,Learn More,50.00 %,Adds voluntary renewable energy (NH Class I RECs) to total 50%.,2024-11-02
Swanzey Standard,$0.11471,11/1/2024,Swanzey Community Power from Town of Swanzey,Fixed,No,1-866-968-8065,No,30 months,Compare,No,"December, 2025 *Last meter read*",Sign Up!,Learn More,33.40 %,Default option offered by the Town of Swanzey. Includes 10% more renewable energy from Class I sources than required by state law.,2024-11-02
Swanzey Basic,$0.11100,11/1/2024,Swanzey Community Power from Town of Swanzey,Fixed,No,1-866-968-8065,No,30 months,Compare,No,"December, 2025 *Last meter read*",Sign Up!,Learn More,23.40 %,Meets state minimum renewable energy requirements.,2024-11-02
Swanzey 100,$0.13900,11/1/2024,Swanzey Community Power from Town of Swanzey,Fixed,No,1-866-968-8065,No,30 months,Compare,No,"December, 2025 *Last meter read*",Sign Up!,Learn More,100.00 %,Adds voluntary renewable energy (NH Class I RECs) to total 100%.,2024-11-02
Think Basic 11,$0.09900,10/30/2024,Think Energy,Fixed,No,1-833-669-3080,No,11 months,Compare,No,*Last meter read*,Sign Up!,Learn More,0.00 %,Environmental Donation Available. Contact Think for details.,2024-11-02
Think Clean 12,$0.11900,10/30/2024,Think Energy,Fixed,No,1-833-669-3080,No,12 months,Compare,No,*Last meter read*,Sign Up!,Learn More,100.00 %,Think Clean 12,2024-11-02
Think Clean 36,$0.12500,10/30/2024,Think Energy,Fixed,No,1-833-669-3080,No,36 months,Compare,No,*Last meter read*,Sign Up!,Learn More,100.00 %,Think Clean 36,2024-11-02
Power Your Tomorrow Fixed - 12,$0.12470,10/16/2024,Town Square Energy,Fixed,No,1-877-430-0093,No,12 months,Compare,No,*Last meter read*,Sign Up!,Learn More,0.00 %,12 monthly bill cycles fixed at 12.47 cents/kWh. See full terms in terms of service.,2024-11-02
Power Your Tomorrow Fixed - 24,$0.12970,10/16/2024,Town Square Energy,Fixed,No,1-877-430-0093,No,24 months,Compare,No,*Last meter read*,Sign Up!,Learn More,0.00 %,24 monthly bill cycles fixed at 12.97 cents/kWh. See full terms in terms of service.,2024-11-02
Wilton 50,$0.12050,11/1/2024,Wilton Community Power from Town of Wilton,Fixed,No,1-866-968-8065,No,30 months,Compare,No,"December, 2025 *Last meter read*",Sign Up!,Learn More,50.00 %,Includes voluntary renewable energy (NH Class I RECs) to total 50% renewable energy,2024-11-02
Wilton Standard,$0.11471,11/1/2024,Wilton Community Power from Town of Wilton,Fixed,No,1-866-968-8065,No,30 months,Compare,No,"December, 2025 *Last meter read*",Sign Up!,Learn More,33.40 %,Default program option offered by Town of Wilton. Includes 10% more renewable energy from Class I sources than required by state law,2024-11-02
Wilton Basic,$0.11100,11/1/2024,Wilton Community Power from Town of Wilton,Fixed,No,1-866-968-8065,No,30 months,Compare,No,"December, 2025 *Last meter read*",Sign Up!,Learn More,23.40 %,Meets state minimum renewable energy requirements,2024-11-02
Wilton 100,$0.13900,11/1/2024,Wilton Community Power from Town of Wilton,Fixed,No,1-866-968-8065,No,30 months,Compare,No,"December, 2025 *Last meter read*",Sign Up!,Learn More,100.00 %,Includes voluntary renewable energy (NH Class I RECs) to total 100%,2024-11-02
SureLock 24,$0.12690,11/1/2024,"XOOM Energy New Hampshire, LLC",Fixed,No,1-888-997-8979,No,24 months,Compare,$200.00,*Last meter read*,Sign Up!,Learn More,0.00 %,Comments:,2024-11-02
SimpleClean,$0.17990,11/1/2024,"XOOM Energy New Hampshire, LLC",Variable,No,1-888-997-8979,No,1 months,Compare,No,*Last meter read*,Sign Up!,Learn More,50.00 %,Comments:,2024-11-02
SureLock 12 - Residential,$0.12190,11/1/2024,"XOOM Energy New Hampshire, LLC",Fixed,No,1-888-997-8979,No,12 months,Compare,$110.00,*Last meter read*,Sign Up!,Learn More,0.00 %,Comments:,2024-11-02
RescueLock 12,$0.12790,11/1/2024,"XOOM Energy New Hampshire, LLC",Fixed,No,1-888-997-8979,No,12 months,Compare,$110.00,*Last meter read*,Sign Up!,Learn More,0.00 %,"When you enroll on RescueLock 12, 5% of your monthly energy charges will be donated to PetSmart Charities!",2024-11-02
SimpleClean12 - Residential,$0.12490,11/1/2024,"XOOM Energy New Hampshire, LLC",Fixed,No,1-888-997-8979,No,12 months,Compare,$110.00,*Last meter read*,Sign Up!,Learn More,50.00 %,Comments:,2024-11-02
